{
	"Name": "Fairytale Lionfish",
	"Description": "A special variant of a Lionfish. It's vibrant colors serves as camoflauge as they are found in the colorful coral reefs that have merged with gemstones. It is very rare and is said to bring luck on love to those who catches these.",
	"Category": "Fish",
	"Edibility": 10,
	"EdibleIsDrink": false,
	"EdibleBuffs": null,
	"Price": 3000,
	"IsColored": false,
	"GiftTastes":
	{
		"Love": ["Maddie"],
	},
	"NameLocalization":
	{
	"ko":"동화 쏠배감펭"
	},
	"DescriptionLocalization":
	{
	"ko": "쏠배감펭의 특별한 종. 이것의 생생한 색깔은 원석이 뒤섞인 것으로, 다채로운 산호초 속에서 위장 역할을 합니다. 이들은 매우 희귀하고, 잡은 이에게 사랑에 관한 행운을 가져다준다고 전해집니다."
	},
}