{
	"Name": "Heartbreaker",
	"Description": "Spiked brass knuckles with devastating force. It got it's name from the usual knockback enemies get when hit by one of these.",
	"Type": "dagger",
	"PurchasePrice": 50000,
	"MinimumDamage": 30,
	"MaximumDamage": 50,
	"Knockback": 18.7,
	"Speed": 15,
	"Accuracy": 90,
	"Defense": 10,
	"MineDropVar": 0,
	"MineDropMinimumLevel": -1,
	"ExtraSwingArea": -1,
	"CritChance": 0.50,
	"CritMultiplier": 2,
	"NameLocalization":
	{
	"ko":"심장파쇄기"
	},
	"DescriptionLocalization":
	{
	"ko":"파괴적인 힘을 가진 가시돋은 황동 너클. 이 무기로 공격당한 적들이 받는 넉백에서 이름을 따왔습니다."
	}
}