{
  "Name": "Ridge Wild Apple",
  "Description": "A type of pineapple that has small red spines along it's skin. It tastes exactly as pineapples, the only difference would be it having a little less contents to eat.",
  "Category": "Fruit",
  "Edibility": 10,
  "EdibleBuffs": {
    "Farming": 0,
    "Fishing": 0,
    "Mining": 0,
    "Luck": 0,
	"Foraging": 0,
	"MaxStamina": 0,
    "MagnetRadius": 0,
	"Speed": 1,
	"Defense": 0,
	"Attack": 0,
    "Duration": 10,
	},
  "Price": 40,
  "IsColored": false,
  "Recipe": null,
  "GiftTastes":
  {
  "Love": ["Keahi", "Pika"],
  "Like": ["Maddie", "Alex", "Caroline", "Clint", "Demetrius", "Dwarf", "Elliott", "Emily", "Evelyn", "George", "Gus", "Jas", "Jodi", "Kent", "Krobus", "Leah", "Lewis", "Linus", "Marnie", "Maru", "Pam", "Penny", "Pierre", "Robin", "Sandy", "Shane", "Willy", "Wizard","Abigail", "Haley", "Sam", "Sebastian", "Vincent"],
  },
  "NameLocalization":
  {
  "ko":"산등성이 야생 사과"
  },
  "DescriptionLocalization":
  {
  "ko":"겉껍질을 따라 작고 붉은 가시가 돋은 일종의 파인애플. 파인애플과 맛이 같지만, 유일한 차이점은 이쪽이 식용 가능 부위가 더 적다는 것입니다."
  },
}