{
  "Name": "Ridgeside Shaketini",
  "Description": "A Ridgeside Village Specialty.",
  "Category": "Cooking",
  "Price": 300,
  "Edibility": 51,
  "EdibleIsDrink": true,
  "EdibleBuffs": {
    "Duration": 420,
    "Luck": 2,
    "Speed": 2,
    "MaxStamina": 0,
    "Farming": 0,
    "Fishing": 0,
    "Mining": 0,
    "Foraging": 0,
    "MagnetRadius": 0,
    "Defense": 0,
    "Attack": 0
  },
  "IsColored": false,
  "GiftTastes":{
    "Love": ["Sam", "Sebastian", "Shane", "Alex", "Harvey", "Elliott", "Vincent", "Jas"],
    "Like": ["Abigail", "Emily", "Haley", "Leah", "Maru", "Penny", "Caroline", "Jodi", "Sandy", "Demetrius", "Gus", "Pierre"],
    "Dislike": ["Krobus", "Dwarf"]
  },
  "NameLocalization":
    {
	"ko":"릿지사이드 셰이크티니"
    },
    "DescriptionLocalization":
    {
	"ko":"릿지사이드 마을의 특별함."
    }
}