{
	"Name": "Father's Sorrow",
	"Description": "Such a blade mysteriously causes misery from it's smallest cut to it's victims.. But eventually also to the holder. It's believed to be cursed.",
	"Type": "sword",
	"PurchasePrice": 50000,
	"MinimumDamage": 120,
	"MaximumDamage": 140,
	"Knockback": 2.1,
	"Speed": 2,
	"Accuracy": 90,
	"Defense": 10,
	"MineDropVar": 0,
	"MineDropMinimumLevel": -1,
	"ExtraSwingArea": -1,
	"CritChance": 0.50,
	"CritMultiplier": 2,
	"NameLocalization":
	{
	"ko":"아버지의 슬픔"
	},
	"DescriptionLocalization":
	{
	"ko":"희생자가 이 검으로 작은 상처라도 입게 되면, 불가사의하게 비극이 맞습니다.. 결국 사용자도요. 저주받았다고 전해집니다."
	}
}