{
  "Name": "Snowball Slurpee",
  "Description": "A mix of different winter fruits. A cool and sweet winter treat.",
  "Category": "Cooking",
  "Price": 230,
  "Edibility": 51,
  "EdibleIsDrink": true,
  "EdibleBuffs": {
    "Duration": 420,
    "Luck": 0,
    "Speed": 3,
    "MaxStamina": 0,
    "Farming": 0,
    "Fishing": 0,
    "Mining": 0,
    "Foraging": 0,
    "MagnetRadius": 0,
    "Defense": 0,
    "Attack": 0
  },
  "IsColored": false,
  "GiftTastes":{
    "Love": ["Sam", "Sebastian", "Shane", "Alex", "Harvey", "Elliott", "Vincent", "Jas", "Keahi", "Trinnie", "Yuuma"],
    "Like": ["Abigail", "Emily", "Haley", "Leah", "Maru", "Penny", "Caroline", "Jodi", "Sandy", "Demetrius", "Gus", "Pierre"],
    "Dislike": ["Krobus", "Dwarf"]
  },
  "NameLocalization":
    {
	"ko":"눈덩이 슬러피"
    },
    "DescriptionLocalization":
    {
	"ko":"겨울 과일 모음. 시원하고 달달한 겨울 특식."
    }
}