{
  "Name": "Highland Chard",
  "Description": "Turns bitter when it gets too hot. It is a delicate yet rich wild crop popularly used in salads. It's locally harvested in mountain ridges.",
  "Category": "Fruit",
  "Edibility": 20,
  "EdibleBuffs": {
    "Farming": 0,
    "Fishing": 0,
    "Mining": 0,
    "Luck": 0,
	"Foraging": 0,
	"MaxStamina": 0,
    "MagnetRadius": 0,
	"Speed": 0,
	"Defense": 1,
	"Attack": 0,
    "Duration": 10,
	},
  "Price": 70,
  "IsColored": false,
  "Recipe": null,
  "GiftTastes":
  {
  "Love": ["Lola", "Maddie"],
  "Like": ["Flor", "Alex", "Caroline", "Clint", "Demetrius", "Dwarf", "Elliott", "Emily", "Evelyn", "George", "Gus", "Jas", "Jodi", "Kent", "Krobus", "Leah", "Lewis", "Linus", "Marnie", "Maru", "Pam", "Penny", "Pierre", "Robin", "Sandy", "Shane", "Willy", "Wizard","Abigail", "Haley", "Sam", "Sebastian", "Vincent"],
  },
  "NameLocalization":
  {
  "ko":"산악지대 근대"
  },
  "DescriptionLocalization":
  {
  "ko":"과열 시 쓴맛이 납니다. 샐러드에 널리 사용되는 섬세하고 풍부한 야생 작물입니다. 산등성이에서 현지 수확됩니다."
  },
}