{
	"Name": "Battle Dancer's Fan",
	"Description": "A fan of sharp golden blades. Legend has it that this weapon was used by the alluring but deadly battle dancers of the past.",
	"Type": "sword",
	"PurchasePrice": 50000,
	"MinimumDamage": 90,
	"MaximumDamage": 120,
	"Knockback": 0.3,
	"Speed": 15,
	"Accuracy": 90,
	"Defense": 10,
	"MineDropVar": 0,
	"MineDropMinimumLevel": -1,
	"ExtraSwingArea": 3,
	"CritChance": 0.50,
	"CritMultiplier": 2,
	"NameLocalization":
	{
	"ko":"전투용 무용수 부채",
	},
	"DescriptionLocalization":
	{
	"ko":"날카로운 금색 칼날들로 이루어진 부채. 매력적이지만 치명적인 과거의 전투 무용수들이 사용했다는 전설이 있습니다."
	}
}