{
	"Name": "Battery-Powered Battle Hammer",
	"Description": "An ancient hammer that suspiciously looks modern in terms of design. A lot about it is still unknown. It packs quite a punch though!",
	"Type": "club",
	"PurchasePrice": 50000,
	"MinimumDamage": 150,
	"MaximumDamage": 180,
	"Knockback": 5.0,
	"Speed": 5,
	"Accuracy": 80,
	"Defense": 14,
	"MineDropVar": 0,
	"MineDropMinimumLevel": -1,
	"ExtraSwingArea": -1,
	"CritChance": 0.20,
	"CritMultiplier": 2,
	"NameLocalization":
	{
	"ko":"배터리 구동 전투 해머"
	},
	"DescriptionLocalization":
	{
	"ko": "디자인 때문에 수상쩍게도 현대 무기 같은 고대 해머. 무기에 대한 정보가 적지만, 꽤나 강한 펀치를 날립니다!"
	}
}