{
	"Name": "Cute but Deadly Knife",
	"Description": "A cute but deadly knife",
	"Type": "dagger",
	"PurchasePrice": 50000,
	"MinimumDamage": 40,
	"MaximumDamage": 100,
	"Knockback": 0.1,
	"Speed": 25,
	"Accuracy": 100,
	"Defense": 1,
	"MineDropVar": 0,
	"MineDropMinimumLevel": -1,
	"ExtraSwingArea": -1,
	"CritChance": 0.20,
	"CritMultiplier": 3,
	"NameLocalization":
	{
	"ko":"귀엽지만 치명적인"
	},
	"DescriptionLocalization":
	{
	"ko":"귀엽지만 치명적인 칼."
	}
}