{
	"Name": "Pebble Back Crab",
	"Description": "The pebbles in it's back are real pebbles it has collected while it was young. It uses those as defense and camoflauge. Some of them accidentally collect gem stones and thus are over hunted.",
	"Category": "Fish",
	"Edibility": 10,
	"EdibleIsDrink": false,
	"EdibleBuffs": null,
	"Price": 2000,
	"IsColored": false,
	"GiftTastes":
	{
		"Love": ["Ian"],
	},
	"NameLocalization":
	{
	"ko":"조약돌 등딱지 게"
	},
	"DescriptionLocalization":
	{
	"ko":"등딱지의 조약돌은 개체가 어렸을 때 수집한 진짜 조약돌입니다. 조약돌을 방어와 위장에 사용합니다. 몇몇 게들은 우연찮게 원석을 수집했고, 이 때문에 과잉 포획 당했습니다."
	},
}