{
	"Name": "Golden Rose Fin",
	"Description": "A small fish with extra wide yet thin fins. As it swims across the waters, the movement of it's wide and long fins make it look like it's dancing as it twirls and moves along.",
	"Category": "Fish",
	"Edibility": 10,
	"EdibleIsDrink": false,
	"EdibleBuffs": null,
	"Price": 2000,
	"IsColored": false,
	"GiftTastes":
	{
		"Love": ["Ysabelle"],
	},
	"NameLocalization":
	{
	"ko":"황금 장미 지느러미"
	},
	"DescriptionLocalization":
	{
	"ko": "넓고 가느다란 지느러미를 가진 작은 물고기. 물을 가르며 수영할 때마다, 넓고 긴 지느러미의 움직임은 이것이 회전하며 움직일 때처럼 춤추는 듯합니다."
	},
}