{
  "Name": "Ridgeside Clementine",
  "Description": "Much like a regular clementine. They almost taste the same. Only difference is the nutty aftertaste it gives. It gets rotten quickly if not for the cold winter climate and high altitude.",
  "Category": "Fruit",
  "Edibility": 14,
  "EdibleBuffs": {
    "Farming": 0,
    "Fishing": 1,
    "Mining": 0,
    "Luck": 0,
	"Foraging": 0,
	"MaxStamina": 0,
    "MagnetRadius": 0,
	"Speed": 0,
	"Defense": 0,
	"Attack": 0,
    "Duration": 10,
	},
  "Price": 50,
  "IsColored": false,
  "Recipe": null,
  "GiftTastes":
  {
  "Love": ["Richard", "Alissa"],
  "Like": ["Freddie", "Alex", "Caroline", "Clint", "Demetrius", "Dwarf", "Elliott", "Emily", "Evelyn", "George", "Gus", "Jas", "Jodi", "Kent", "Krobus", "Leah", "Lewis", "Linus", "Marnie", "Maru", "Pam", "Penny", "Pierre", "Robin", "Sandy", "Shane", "Willy", "Wizard","Abigail", "Haley", "Sam", "Sebastian", "Vincent"],
  },
  "NameLocalization":
  {
  "ko":"산등성이 귤"
  },
  "DescriptionLocalization":
  {
  "ko":"보통 귤과 모양도 닮았고 맛도 거의 흡사합니다. 유일한 차이점은 이쪽이 주는 고소한 끝맛입니다. 추운 겨울 기후에 높은 고도가 아니라면 빨리 상합니다."
  },
}