{
  "Name": "Mountain Chico",
  "Description": "An unsual fruit that differs from it's relatives. These grow on wild bushes instead of trees.",
  "Category": "Fruit",
  "Edibility": 15,
  "Price": 70,
  "IsColored": false,
  "Recipe": null,
  "GiftTastes":
  {
  "Love": ["Shiro", "Yuuma"],
  "Like": ["Freddie", "Alex", "Caroline", "Clint", "Demetrius", "Dwarf", "Elliott", "Emily", "Evelyn", "George", "Gus", "Jas", "Jodi", "Kent", "Krobus", "Leah", "Lewis", "Linus", "Marnie", "Maru", "Pam", "Penny", "Pierre", "Robin", "Sandy", "Shane", "Willy", "Wizard","Abigail", "Haley", "Sam", "Sebastian", "Vincent"],
  },
  "NameLocalization":
  {
  "ko":"산 치코"
  },
  "DescriptionLocalization":
  {
  "ko":"유사 종과는 다른 특별한 과일. 이들은 나무가 아닌 야생 덤불에서 자랍니다."
  },
}