{
	"Name": "Occult Blade",
	"Description": "A double edged blade with a structure similar to a katana. It has a small red hilt with a symbol of a woman and a tail wrapping around her.",
	"Type": "sword",
	"PurchasePrice": 50000,
	"MinimumDamage": 80,
	"MaximumDamage": 130,
	"Knockback": 0.4,
	"Speed": 20,
	"Accuracy": 90,
	"Defense": 10,
	"MineDropVar": 0,
	"MineDropMinimumLevel": -1,
	"ExtraSwingArea": -1,
	"CritChance": 0.60,
	"CritMultiplier": 2,
	"NameLocalization":
	{
	"ko":"신비한 검"
	},
	"DescriptionLocalization":
	{
	"ko":"카타나의 형태를 닮은 양날검. 붉은 자루에 박힌 심볼 속에 한 여성과 그 여성을 감싸는 꼬리 모양이 있습니다."
	}
}