{
	"Name": "Lullaby Carp",
	"Description":"A scientific mystery. This fish produces soothing tunes whenever they are left alone, but it does not possess any internal system that allows it to 'sing'.",
	"Category": "Fish",
	"Edibility": 10,
	"EdibleIsDrink": false,
	"EdibleBuffs": null,
	"Price": 2000,
	"IsColored": false,
	"GiftTastes":
	{
		"Love": ["Alissa"],
	},
	"NameLocalization":
	{
	"ko":"자장가 잉어"
	},
	"DescriptionLocalization":
	{
	"ko": "과학적 미스테리. 이 물고기는 홀로 남겨졌을 때 진정되는 소리를 내지만, 이들은 체내에 '노래'를 가능케 하는 어떤 것도 가지고 있지 않습니다."
	},
}