{
	"Name": "Bladebane",
	"Description": "A huge waraxe with a pale ribbon wrapped in the middle. It looks unused for a long time.",
	"Type": "club",
	"PurchasePrice": 50000,
	"MinimumDamage": 120,
	"MaximumDamage": 180,
	"Knockback": 5.3,
	"Speed": 2,
	"Accuracy": 50,
	"Defense": 20,
	"MineDropVar": 0,
	"MineDropMinimumLevel": -1,
	"ExtraSwingArea": -1,
	"CritChance": 0.50,
	"CritMultiplier": 2,
	"NameLocalization":
	{
	"ko":"블레이드배인"
	},
	"DescriptionLocalization":
	{
	"ko":"중앙에 창백한 리본이 달린 거대한 전투 도끼. 오랜 시간 사용되지 않은 듯 합니다."
	}
}