{
	"Name": "Sword of Idols",
	"Description": "An ancient sword believed to be passed down different generations of heroes and leaders. Better take care of it.",
	"Type": "sword",
	"PurchasePrice": 50000,
	"MinimumDamage": 90,
	"MaximumDamage": 150,
	"Knockback": 0.3,
	"Speed": 15,
	"Accuracy": 90,
	"Defense": 10,
	"MineDropVar": 0,
	"MineDropMinimumLevel": -1,
	"ExtraSwingArea": -1,
	"CritChance": 0.30,
	"CritMultiplier": 3,
	"NameLocalization":
	{
	"ko":"우상들의 검"
	},
	"DescriptionLocalization":
	{
	"ko":"영웅과 지도자 세대를 거쳐 전해졌다는 고대 검. 조심히 다룹시다."
	}
}