{
  "Name": "Cherry Berry Shakey",
  "Description": "A sweet cherry rich drink beloved by kids and adults alike!",
  "Category": "Cooking",
  "Price": 200,
  "Edibility": 51,
  "EdibleIsDrink": true,
  "EdibleBuffs": {
    "Duration": 420,
    "Luck": 0,
    "Speed": 3,
    "MaxStamina": 0,
    "Farming": 0,
    "Fishing": 0,
    "Mining": 0,
    "Foraging": 0,
    "MagnetRadius": 0,
    "Defense": 0,
    "Attack": 1
  },
  "IsColored": false,
  "GiftTastes":{
    "Love": ["Sam", "Sebastian", "Shane", "Alex", "Harvey", "Elliott", "Vincent", "Jas", "Keahi", "Trinnie"],
    "Like": ["Abigail", "Emily", "Haley", "Leah", "Maru", "Penny", "Caroline", "Jodi", "Sandy", "Demetrius", "Gus", "Pierre"],
    "Dislike": ["Krobus", "Dwarf"]
  },
  "NameLocalization":
    {
	"ko":"체리 베리 쉐이크"
    },
    "DescriptionLocalization":
    {
	"ko":"모두가 좋아하는 달달한 체리-듬뿍 음료!"
    }
}