{
	"Name": "Fixer Eel",
	"Description": "A close relative to the infamous electric eel. This variant is rarely found in rivers. It got it's name from local legends pertaining that it's meat can heal any kind of sickness or sadness. Because of that belief, it is overhunted.",
	"Category": "Fish",
	"Edibility": 10,
	"EdibleIsDrink": false,
	"EdibleBuffs": null,
	"Price": 2500,
	"IsColored": false,
	"GiftTastes":
	{
		"Love": ["Kenneth"],
	},
	"NameLocalization":
	{
	"ko":"해결사 장어"
	},
	"DescriptionLocalization":
	{
	"ko":"전기 장어의 유명한 친척으로 강에서 희귀하게 보입니다. 장어의 고기가 어떠한 아픔이나 슬픔도 치유한다는 미신에서 유래한 이름입니다. 이 믿음 때문에, 이들은 과잉 포획당했습니다.."
	},
}