{
  "Name": "Frost Clump Berry",
  "Description": "A strange type of berry that seems to ripen from being covered in snow. It tastes like a grape with mixed a hint of melon.",
  "Category": "Fruit",
  "Edibility": 15,
  "Price": 30,
  "IsColored": false,
  "Recipe": null,
  "GiftTastes":
  {
  "Love": ["Philip", "Bert"],
  "Like": ["Lenny", "Alex", "Caroline", "Clint", "Demetrius", "Dwarf", "Elliott", "Emily", "Evelyn", "George", "Gus", "Jas", "Jodi", "Kent", "Krobus", "Leah", "Lewis", "Linus", "Marnie", "Maru", "Pam", "Penny", "Pierre", "Robin", "Sandy", "Shane", "Willy", "Wizard","Abigail", "Haley", "Sam", "Sebastian", "Vincent"],
  },
  "NameLocalization":
  {
  "ko":"서리덩이 베리"
  },
  "DescriptionLocalization":
  {
  "ko":"눈 속에서 성숙된듯한 이상한 종류의 베리. 멜론 맛이 섞인 포도 맛이 납니다."
  },
}