{
	"Name": "Ridge Fruity Plate",
	"Description": "A fruit salad filled with mountain fruits topped with a special dressing!",
	"Category": "Cooking",
	"Edibility": 60,
	"EdibleIsDrink": false,
	"EdibleBuffs": {
    "Farming": 0,
    "Fishing": 0,
    "Mining": 0,
    "Luck": 0,
	"Foraging": 0,
	"MaxStamina": 0,
    "MagnetRadius": 5,
	"Speed": 5,
	"Defense": 2,
	"Attack": 0,
    "Duration": 300,
	},
	"Price": 370,
	"IsColored": false,
	"GiftTastes":
	{
		"Love": ["Maddie", "Flor"],
	},

	"NameLocalization":
	{
	"ko":"릿지 과일요리"
	},
	"DescriptionLocalization":
	{
	"ko":"산에서 난 과일을 가득 담은 후 특별한 소스로 장식한 과일 샐러드!"
	},
}