{
	"Name": "The Prankster",
	"Description": "A heavy hooked blade that got it's name for being too unstable and unpredictable to use in combat. Its weird design is an acquired taste and can be deadly when used properly",
	"Type": "sword",
	"PurchasePrice": 50000,
	"MinimumDamage": 100,
	"MaximumDamage": 250,
	"Knockback": 0.1,
	"Speed": 2,
	"Accuracy": 90,
	"Defense": 20,
	"MineDropVar": 0,
	"MineDropMinimumLevel": -1,
	"ExtraSwingArea": -1,
	"CritChance": 0.50,
	"CritMultiplier": 3,
	"NameLocalization":
	{
	"ko":"장난꾸러기"
	},
	"DescriptionLocalization":
	{
	"ko":"전투에서 쓰기엔 과하게 불안정하고 예측불허한 점에서 이름을 딴, 무거운 고리의 검. 이 기괴한 디자인은 후첨이고 적절히 쓴다면 치명적일 수 있습니다."
	}
}