{
	"Name": "The Wild Whip",
	"Description": "A spiked whip infamous for it's skillful requirement to weild. The whip itself is made of an elastic material forged with bits of iridium.",
	"Type": "sword",
	"PurchasePrice": 50000,
	"MinimumDamage": 100,
	"MaximumDamage": 200,
	"Knockback": 0.3,
	"Speed": 15,
	"Accuracy": 50,
	"Defense": 2,
	"MineDropVar": 0,
	"MineDropMinimumLevel": -1,
	"ExtraSwingArea": -1,
	"CritChance": 0.50,
	"CritMultiplier": 1,
	"NameLocalization":
	{
	"ko":"야생 채찍"
	},
	"DescriptionLocalization":
	{
	"ko":"다루기에 숙련도를 요구하는 악명 높은 가시 채찍. 이리듐 조각이 들어간 신축성 있는 소재로 제작되었습니다."
	}
}