{
	"Name": "Bubble Club",
	"Description": "A heavy hitting club that somehow produces bubbles when swung.",
	"Type": "club",
	"PurchasePrice": 50000,
	"MinimumDamage": 40,
	"MaximumDamage": 60,
	"Knockback": 1.0,
	"Speed": 15,
	"Accuracy": 80,
	"Defense": 2,
	"MineDropVar": 0,
	"MineDropMinimumLevel": -1,
	"ExtraSwingArea": -1,
	"CritChance": 0.50,
	"CritMultiplier": 2,
	"NameLocalization":
	{
	"ko":"물방울 곤봉"
	},
	"DescriptionLocalization":
	{
	"ko":"묵직하게 때리며 흔들릴 때마다 어쩐지 거품이 나는 곤봉."
	}
}