{
	"Name": "Honey Glazed Salad",
	"Description":  "A Pika Special Salad glazed with home-made honey! Super sweet!",
	"Category": "Cooking",
	"Edibility": 60,
	"EdibleIsDrink": false,
	"EdibleBuffs": {
    "Farming": 2,
    "Fishing": 0,
    "Mining": 0,
    "Luck": 0,
	"Foraging": 5,
	"MaxStamina": 5,
    "MagnetRadius": 0,
	"Speed": 0,
	"Defense": 0,
	"Attack": 0,
    "Duration": 300,
	},
	"Price": 300,
	"IsColored": false,
	"GiftTastes":
	{
		"Love": ["Pika", "Alissa"],
	},

	"NameLocalization":
	{
	"ko":"꿀을 얹은 샐러드"
	},
	"DescriptionLocalization":
	{
	"ko":"홈메이드 꿀을 얹은 피카 특제 샐러드! 아주 달달합니다!"
	},
}