{
	"Name": "Tough Love",
	"Description": "A heavy battle hammer that packs a devastating punch. There's also a spear tip on top as an extra source of damage. It's quite overkill according to some adventurers.",
	"Type": "club",
	"PurchasePrice": 50000,
	"MinimumDamage": 140,
	"MaximumDamage": 170,
	"Knockback": 6.0,
	"Speed": 2,
	"Accuracy": 90,
	"Defense": 10,
	"MineDropVar": 0,
	"MineDropMinimumLevel": -1,
	"ExtraSwingArea": -1,
	"CritChance": 0.50,
	"CritMultiplier": 2,
	"NameLocalization":
	{
	"ko":"거친 사랑"
	},
	"DescriptionLocalization":
	{
	"ko":"파괴적인 펀치를 담은 무거운 전투 해머. 윗쪽에 추가 데미지를 줄 수 있는 창이 있습니다. 몇몇 탐험가에 따르면 조금 과하다고 합니다."
	}
}