{
	"Name": "Caped Tree Frog",
	"Description": "The red pattern that covers it's neck and back presents a cape like pattern. It has a strange behaviour of tucking one arm in while extending the other one whenever it leaps. This strange phenomenon seems to be not just for show, it is required because of the unique anatomical placement of it's internal organs to maintain balance. It is quite rare due to being hunted for domestic purposes.",
	"Category": "Fish",
	"Edibility": 10,
	"EdibleIsDrink": false,
	"EdibleBuffs": null,
	"Price": 2000,
	"IsColored": false,
	"GiftTastes":
	{
		"Love": ["Philip"],
	},
	"NameLocalization":
	{
	"ko":"망토두른 나무 개구리"
	},
	"DescriptionLocalization":
	{
	"ko":"목과 등을 둘러싼 붉은 무늬는 망토처럼 보입니다. 점프할 때마다 한 팔은 펴고 한 팔은 넣는 이상한 행동을 합니다. 이 이상한 행동은 단순 과시용 행동이 아니라, 균형을 유지하기 위한 내부 장기의 특이한 해부학적 배치 때문에 필요합니다. 길들일 목적으로 사냥되므로 꽤나 희귀합니다."
	},
}