{
	"Name": "The Silent One",
	"Description": "A mystical dagger with an infamous myth surrounding it. There is an deafening silence that seems to creep in whenever this weapon is used in assassinations. Along with reports of seeing supernatural entities as the silence persist.",
	"Type": "dagger",
	"PurchasePrice": 50000,
	"MinimumDamage": 50,
	"MaximumDamage": 80,
	"Knockback": 0.3,
	"Speed": 15,
	"Accuracy": 90,
	"Defense": 10,
	"MineDropVar": 0,
	"MineDropMinimumLevel": -1,
	"ExtraSwingArea": -1,
	"CritChance": 0.30,
	"CritMultiplier": 12,
	"NameLocalization":
	{
	"ko":"침묵"
	},
	"DescriptionLocalization":
	{
	"ko":"악명 높은 신화를 가진 신비로운 단검. 암살에 쓰면 그곳에 기는 듯한 먹먹한 침묵이 돕니다. 침묵 중에는 초자연적 존재가 보인다는 보고가 따릅니다."
	}
}