{
	"Name": "Arugula Roll",
	"Description": "Rolled Arugula with some special sauce and toppings. Really good paired with some alcohol!",
	"Category": "Cooking",
	"Edibility": 60,
	"EdibleIsDrink": false,
	"EdibleBuffs": {
    "Farming": 5,
    "Fishing": 0,
    "Mining": 0,
    "Luck": 0,
	"Foraging": 10,
	"MaxStamina": 0,
    "MagnetRadius": 0,
	"Speed": 0,
	"Defense": 0,
	"Attack": 0,
    "Duration": 300,
	},
	"Price": 400,
	"IsColored": false,
	"GiftTastes":
	{
		"Love": ["Ezekiel", "Kenneth"],
	},
	"NameLocalization":
	{
	"ko":"아르굴라 롤"
	},
	"DescriptionLocalization":
	{
	"ko":"특별한 소스와 토핑을 첨가한 아르굴라 롤. 술과 궁합이 매우 좋습니다!"
	},
}