{
	"Name": "Gourmet Cooking Knife",
	"Description": "A sharp knife used for fancy quality dishes! Doubles as a deadly weapon if you're not into cooking.",
	"Type": "dagger",
	"PurchasePrice": 50000,
	"MinimumDamage": 60,
	"MaximumDamage": 110,
	"Knockback": 0.5,
	"Speed": 15,
	"Accuracy": 100,
	"Defense": 2,
	"MineDropVar": 0,
	"MineDropMinimumLevel": -1,
	"ExtraSwingArea": -1,
	"CritChance": 0.50,
	"CritMultiplier": 3,
	"NameLocalization":
	{
	"ko":"고급요리 칼"
	},
	"DescriptionLocalization":
	{
	"ko":"고급요리를 위한 날카로운 칼! 요리할 때가 아니라면 치명적인 무기가 됩니다."
	}
}