{
	"Name": "The Green Gambler",
	"Description": "A curved dagger that got it's name from it's mysterious ability making it able to deal either high amounts of damage or no damage at all",
	"Type": "dagger",
	"PurchasePrice": 50000,
	"MinimumDamage": 1,
	"MaximumDamage": 500,
	"Knockback": 0.1,
	"Speed": 10,
	"Accuracy": 90,
	"Defense": 10,
	"MineDropVar": 0,
	"MineDropMinimumLevel": -1,
	"ExtraSwingArea": -1,
	"CritChance": 0.50,
	"CritMultiplier": 1,
	"NameLocalization":
	{
	"ko":"녹색 도박꾼"
	},
	"DescriptionLocalization":
	{
	"ko":"엄청난 양의 데미지를 입히거나, 아예 데미지가 없을 수도 있는 신비한 능력을 가진 것에서 이름을 따온 휘어진 단검."
	}
}