{
	"Name": "The Lucky Penny",
	"Description": "Rumor has it the blade was smelted from several proclaimed lucky pennies from different people. Though if that was the case, who was motivated to steal so much pennies to make a dagger?",
	"Type": "dagger",
	"PurchasePrice": 50000,
	"MinimumDamage": 110,
	"MaximumDamage": 140,
	"Knockback": 0.9,
	"Speed": 20,
	"Accuracy": 100,
	"Defense": 10,
	"MineDropVar": 0,
	"MineDropMinimumLevel": -1,
	"ExtraSwingArea": -1,
	"CritChance": 0.30,
	"CritMultiplier": 4,
	"NameLocalization":
	{
	"ko":"행운의 페니"
	},
	"DescriptionLocalization":
	{
	"ko":"다른 사람들의 행운 동전 몇 개를 녹여 만들었다는 소문이 있습니다. 만약 진짜라면, 누가 단검을 위해 그 많은 동전을 훔칠 마음이 들었을까요?"
	}
}