{
	"Name": "The Unbroken",
	"Description": "An ancient blade named after the legends that surround it as the blade used by thousands of different users and have never failed to serve them. It is made of a strange unbreakable material, rumoured to be related to the ancient dwarves.",
	"Type": "sword",
	"PurchasePrice": 50000,
	"MinimumDamage": 100,
	"MaximumDamage": 120,
	"Knockback": 0.3,
	"Speed": 20,
	"Accuracy": 90,
	"Defense": 10,
	"MineDropVar": 0,
	"MineDropMinimumLevel": -1,
	"ExtraSwingArea": -1,
	"CritChance": 0.50,
	"CritMultiplier": 2,
	"NameLocalization":
	{
	"ko":"부러지지 않는"
	},
	"DescriptionLocalization":
	{
	"ko":"수천 명의 손을 탔으며 그들을 완벽히 섬겼다는 전설에서 이름을 딴 고대 검. 고대 드워프와 소문으로 엮인, 이상하고 부서지지 않는 소재로 제작되었습니다."
	}
}