{
	"Name": "Daggerkin",
	"Description": "A long dagger almost considered as a sword. It seems to be a popular weapon choice used for assassinations by skilled professionals.",
	"Type": "dagger",
	"PurchasePrice": 50000,
	"MinimumDamage": 40,
	"MaximumDamage": 80,
	"Knockback": 0.2,
	"Speed": 30,
	"Accuracy": 90,
	"Defense": 10,
	"MineDropVar": 0,
	"MineDropMinimumLevel": -1,
	"ExtraSwingArea": -1,
	"CritChance": 0.30,
	"CritMultiplier": 5,
	"NameLocalization":
	{
	"ko":"소형단검"
	},
	"DescriptionLocalization":
	{
	"ko":"거의 검처럼 취급되는 길쭉한 단검. 숙련된 암살자를 위한 유명한 무기 선택지 중 하나인 듯 합니다."
	}
}