{
	"Name": "Observer's Axe",
	"Description": "A weapon named after the legend that surrounds it. It's said it's first wielder was a silent but deadly warrior enjoyed to observe other people. It is said that the ruby embeded at the axe body contains the warrior's soul, still observing even in the afterlife.",
	"Type": "club",
	"PurchasePrice": 50000,
	"MinimumDamage": 140,
	"MaximumDamage": 160,
	"Knockback": 0.2,
	"Speed": 3,
	"Accuracy": 90,
	"Defense": 10,
	"MineDropVar": 0,
	"MineDropMinimumLevel": -1,
	"ExtraSwingArea": -1,
	"CritChance": 0.50,
	"CritMultiplier": 2,
	"NameLocalization":
	{
	"ko":"관찰자의 도끼"
	},
	"DescriptionLocalization":
	{
	"ko":"조용하고 강하며 관찰을 좋아했던 전사가 처음 썼다는 전설에서 이름을 따왔습니다. 루비 속에 그의 혼이 담겨있어, 그가 아직도 관찰 중이라고 합니다."
	}
}