{
	"Name": "Bladetail Sturgeon",
	"Description":"A very dangerous fish. It's tail is as sharp as a blade. It is believed that their endangered status is caused by overhunting, for their tails may have served as arrow heads in ancient times.",
	"Category": "Fish",
	"Edibility": 10,
	"EdibleIsDrink": false,
	"EdibleBuffs": null,
	"Price": 2000,
	"IsColored": false,
	"GiftTastes":
	{
		"Love": ["Corine"],
	},	
	"NameLocalization":
	{
	"ko":"칼날꼬리 철갑상어"
	},
	"DescriptionLocalization":
	{
	"ko":"매우 위험한 물고기. 꼬리가 칼날처럼 날카롭습니다. 이 어종이 멸종 위기인 이유 중 하나는, 이들의 꼬리가 고대에 화살촉으로 쓰였을 수 있다는 사실입니다."
	},
}