{
	"Name": "The Singing Dagger",
	"Description": "Its mysterious blade shape creates a whistling tune whenever it is swiped. Highly impractical for assassinations. It can also be used as a flute, be careful though.",
	"Type": "dagger",
	"PurchasePrice": 50000,
	"MinimumDamage": 80,
	"MaximumDamage": 140,
	"Knockback": 0.2,
	"Speed": 20,
	"Accuracy": 90,
	"Defense": 10,
	"MineDropVar": 0,
	"MineDropMinimumLevel": -1,
	"ExtraSwingArea": -1,
	"CritChance": 0.50,
	"CritMultiplier": 3,
	"NameLocalization":
	{
	"ko":"노래하는 단검"
	},
	"DescriptionLocalization":
	{
	"ko":"휘두를 때마다 신비한 검신에서 휘파람 소리가 납니다. 암살에는 부적합합니다. 플루트처럼 쓸 수는 있지만, 조심해야겠습니다."
	}
}