{
  "Name": "Highland Ice Cream",
  "Description": "Special Icecream made in Ridgeside Village. Good for enjoying the mountain side view.",
  "Category": "Cooking",
  "Price": 100,
  "Edibility": 51,
  "EdibleIsDrink": true,
  "EdibleBuffs": {
    "Duration": 420,
    "Luck": 0,
    "Speed": 0,
    "MaxStamina": 0,
    "Farming": 0,
    "Fishing": 0,
    "Mining": 0,
    "Foraging": 0,
    "MagnetRadius": 1,
    "Defense": 0,
    "Attack": 0
  },
  "IsColored": false,
  "GiftTastes":{
    "Love": ["Sam", "Sebastian", "Shane", "Alex", "Harvey", "Elliott", "Vincent", "Jas", "Keahi", "Trinnie", "Yuuma"],
    "Like": ["Abigail", "Emily", "Haley", "Leah", "Maru", "Penny", "Caroline", "Jodi", "Sandy", "Demetrius", "Gus", "Pierre"],
    "Dislike": ["Krobus", "Dwarf"]
  },
  "NameLocalization":
    {
	"ko":"하이랜드 아이스크림"
    },
    "DescriptionLocalization":
    {
	"ko":"릿지사이드 마을에서 생산되는 특별한 아이스크림. 산간을 즐기기에 훌륭합니다."
    }
}