{
	"Name": "Cardia Septal Jellyfish",
	"Description": "Truly a biological wonder. It got it's name from it's shape that presents the septum of a heart and the ventricles that it connects. This creature has two bodies, one female and the other is male. Though poisonous, it is endangered because of it's slow mobility.",
	"Category": "Fish",
	"Edibility": 10,
	"EdibleIsDrink": false,
	"EdibleBuffs": null,
	"Price": 3000,
	"IsColored": false,
	"GiftTastes":
	{
		"Love": ["Shiro"],
	},
	"NameLocalization":
	{
	"ko":"심장중격 해파리"
	},
	"DescriptionLocalization":
	{
	"ko": "진정한 생물학적 경이로움. 해파리 외형이 심장의 중격과 심실이 연결되는 모습과 흡사하여 저런 이름을 얻었습니다. 이 생물체는 두 몸뚱이를 가지고 있는데, 한 쪽은 암컷이고 한 쪽은 수컷입니다. 독성이 있음에도, 느린 움직임때문에 멸종 위기에 처했습니다."
	},
}