{
	"Name": "Harvester Trout",
	"Description": "It got it's name for being infamously harvesting nearby water crops or fruits. This strange behavior led it to being hunted down for it's destructive behavior. It is not endagered yet rare for it migrates a lot. It's weird behavior pattern is a mystery.",
	"Category": "Fish",
	"Edibility": 10,
	"EdibleIsDrink": false,
	"EdibleBuffs": null,
	"Price": 3000,
	"IsColored": false,
	"GiftTastes":
	{
		"Love": ["Jeric"],
	},
	"NameLocalization":
	{
	"ko":"수확가 송어"
	},
	"DescriptionLocalization":
	{
	"ko":"주변 수생 식물이나 과일을 무서울 정도로 수확해대는 것에서 이름을 따왔습니다. 이 이상하고 파괴적인 행동때문에 사냥 당했습니다. 이들은 멸종 위기는 아니지만 이주를 많이 하기 때문에 희귀합니다. 이들의 이상한 행동 패턴은 미스터리입니다."
	},
}