{
	"Name": "Zesty Tuna",
	"Description": "Smoked Tuna with citrus sauce! It's a local ridgeside delicacy.",
	"Category": "Cooking",
	"Edibility": 60,
	"EdibleIsDrink": false,
	"EdibleBuffs": {
    "Farming": 0,
    "Fishing": 10,
    "Mining": 3,
    "Luck": 0,
	"Foraging": 0,
	"MaxStamina": 3,
    "MagnetRadius": 3,
	"Speed": 1,
	"Defense": 0,
	"Attack": 0,
    "Duration": 300,
	},
	"Price": 560,
	"IsColored": false,
	"GiftTastes":
	{
		"Love": ["Ysabelle", "Richard"],
	},

	"NameLocalization":
	{
	"ko":"풍미 깊은 참치"
	},
	"DescriptionLocalization":
	{
	"ko":"감귤 소스와 곁들여 훈연한 참치! 릿지사이드 지역 진미입니다."
	},
}