{
  "Name": "Ridge Cherry",
  "Description": "A type of cherry found near mountain ridges. Presents a tangy sweet flavor.",
  "Category": "Fruit",
  "Edibility": 10,
  "Price": 50,
  "IsColored": false,
  "Recipe": null,
  "GiftTastes":
  {
  "Love": ["Trinnie", "Corine"],
  "Like": ["Alissa", "Alex", "Caroline", "Clint", "Demetrius", "Dwarf", "Elliott", "Emily", "Evelyn", "George", "Gus", "Jas", "Jodi", "Kent", "Krobus", "Leah", "Lewis", "Linus", "Marnie", "Maru", "Pam", "Penny", "Pierre", "Robin", "Sandy", "Shane", "Willy", "Wizard","Abigail", "Haley", "Sam", "Sebastian", "Vincent"],
  },
  "NameLocalization":
  {
  "ko":"산등성이 체리"
  },
  "DescriptionLocalization":
  {
  "ko":"산등성이 주변에서 발견되는 일종의 체리. 톡 쏘는 단맛이 납니다."
  },
}