{
	"Name": "Golden Key Blade",
	"Description": "A weird shaped sword, meant to resemble a golden key. It is quite expensive due to the material it's made of as well.",
	"Type": "sword",
	"PurchasePrice": 50000,
	"MinimumDamage": 60,
	"MaximumDamage": 130,
	"Knockback": 0.3,
	"Speed": 15,
	"Accuracy": 90,
	"Defense": 20,
	"MineDropVar": 0,
	"MineDropMinimumLevel": -1,
	"ExtraSwingArea": -1,
	"CritChance": 0.50,
	"CritMultiplier": 2,
	"NameLocalization":
	{
	"ko":"황금열쇠 검"
	},
	"DescriptionLocalization":
	{
	"ko":"황금열쇠를 본따 만들었다는 이상한 모양의 검. 제작 소재가 금인만큼 값이 꽤 나갑니다."
	}
}