{
	"Name": "Icreon",
	"Description": "An ancient blade used by a band of cultists worshipping a diety with with a red tail. Discovered to be used commonly in their rituals.",
	"Type": "sword",
	"PurchasePrice": 50000,
	"MinimumDamage": 70,
	"MaximumDamage": 120,
	"Knockback": 2.0,
	"Speed": 15,
	"Accuracy": 90,
	"Defense": 10,
	"MineDropVar": 0,
	"MineDropMinimumLevel": -1,
	"ExtraSwingArea": -1,
	"CritChance": 0.50,
	"CritMultiplier": 2,
	"NameLocalization":
	{
	"ko":"아이크리온"
	},
	"DescriptionLocalization":
	{
	"ko":"붉은 꼬리가 달린 신을 섬겼던 이교도의 고대 검. 그들의 의식에 흔히 사용되었다는 사실이 밝혀졌습니다."
	}
}