{
	"Name": "Princess of Green",
	"Description": "A blade made of magic. It seems that the plants that make up this blade is alive and are capable of changing shape to adapt. It truly is an interesting weapon.",
	"Type": "sword",
	"PurchasePrice": 50000,
	"MinimumDamage": 90,
	"MaximumDamage": 150,
	"Knockback": 0.3,
	"Speed": 15,
	"Accuracy": 90,
	"Defense": 10,
	"MineDropVar": 0,
	"MineDropMinimumLevel": -1,
	"ExtraSwingArea": -1,
	"CritChance": 0.50,
	"CritMultiplier": 2,
	"NameLocalization":
	{
	"ko":"풀의 공주"
	},
	"DescriptionLocalization":
	{
	"ko":"마법으로 만들어진 검. 검을 구성하는 식물은 살아있으며, 적응을 위한 모양 변경이 가능한 듯합니다. 진심으로 흥미로운 무기입니다."
	}
}