{
	"Name": "Crimson Spiked Clam",
	"Description": "An endangered species of clam. It is covered with stinging red spikes. Values a high price due to the Ruby-like pearl it harbors",
	"Category": "Fish",
	"Edibility": 10,
	"EdibleIsDrink": false,
	"EdibleBuffs": null,
	"Price": 4000,
	"IsColored": false,
	"GiftTastes":
	{
		"Love": ["Flor"],
	},
	"NameLocalization":
	{
	"ko":"진홍색 가시돋은 조개"
	},
	"DescriptionLocalization":
	{
	"ko":"멸종 위기종 조개. 따금거리는 붉은 가시로 덮여있습니다. 루비와 비슷한 진주를 품고 있어서 개체 가치가 높습니다."
	},
}