{
  "Name": "Mountain Arugula",
  "Description": "A cool weather crop found in the ridge of mountains. It gives a temporary boost in luck said the locals.",
  "Category": "Fruit",
  "Edibility": 15,
  "EdibleBuffs": {
    "Farming": 0,
    "Fishing": 0,
    "Mining": 0,
    "Luck": 1,
	"Foraging": 0,
	"MaxStamina": 0,
    "MagnetRadius": 0,
	"Speed": 0,
	"Defense": 0,
	"Attack": 0,
    "Duration": 10,
	},
  "Price": 60,
  "IsColored": false,
  "Recipe": null,
  "GiftTastes":
  {
  "Love": ["Ysabelle", "Jeric"],
  "Like": ["Ian", "Alex", "Caroline", "Clint", "Demetrius", "Dwarf", "Elliott", "Emily", "Evelyn", "George", "Gus", "Jas", "Jodi", "Kent", "Krobus", "Leah", "Lewis", "Linus", "Marnie", "Maru", "Pam", "Penny", "Pierre", "Robin", "Sandy", "Shane", "Willy", "Wizard","Abigail", "Haley", "Sam", "Sebastian", "Vincent"],
  },
  "NameLocalization":
  {
  "ko":"산 아르굴라"
  },
  "DescriptionLocalization":
  {
  "ko":"산등성이에서 발견되는 서늘한 기후 작물. 지역 주민들 말로는 일시적인 행운 부스트를 준다고 합니다."
  },
}