{
	"Name": "Fried Mountain Greens",
	"Description": "Fried vegetables have never been so tasty!",
	"Category": "Cooking",
	"Edibility": 60,
	"EdibleIsDrink": false,
	"EdibleBuffs": {
    "Farming": 0,
    "Fishing": 0,
    "Mining": 0,
    "Luck": 0,
	"Foraging": 5,
	"MaxStamina": 0,
    "MagnetRadius": 3,
	"Speed": 0,
	"Defense": 0,
	"Attack": 0,
    "Duration": 300,
	},
	"Price": 240,
	"IsColored": false,
	"GiftTastes":
	{
		"Love": ["Keahi", "Ysabelle"],
	},

	"NameLocalization":
	{
	"ko":"볶은 산나물"
	},
	"DescriptionLocalization":
	{
	"ko":"나물볶음은 항상 맛있죠!"
	},
}