{
	"Name": "Snow Bowl Surprise",
	"Description": "The local wild fruit paired with clean ice shavings, syrup and cherries.",
	"Category": "Cooking",
	"Edibility": 60,
	"EdibleIsDrink": false,
	"EdibleBuffs": {
    "Farming": 0,
    "Fishing": 0,
    "Mining": 0,
    "Luck": 0,
	"Foraging": 0,
	"MaxStamina": 3,
    "MagnetRadius": 3,
	"Speed": 1,
	"Defense": 0,
	"Attack": 0,
    "Duration": 300,
	},
	"Price": 300,
	"IsColored": false,
	"GiftTastes":
	{
		"Love": ["Shiro", "Bert"],
	},

	"NameLocalization":
	{
	"ko":"깜짝 눈 사발"
	},
	"DescriptionLocalization":
	{
	"ko":"깨끗한 갈린 얼음과 시럽, 체리와 쌍을 맞춘 지역 야생 과일."
	},
}